balancing authority,nNodes,in-sample year,num_rep_periods,hours_per_period,RPS,Decarbonization target,CRM reserve,is green field?,is copper plate approx?,is UC active?,is integer vars relaxed?,is UC vars relaxed?,step,nIter,LB,relative gap,sol-method,RAM (MB),run time(s),total system cost,est gen cost,est line cost,est storage cost,VOM cost,shedding cost,gas fuel cost,FOM gen cost,FOM line cost,FOM storage cost,CO2 emissions,total storage level,total storage capacity,total shed load,total established lines,total new line capacity(MW),OCGT-cap,CCGT-cap,CCGT-CCS-cap,solar-UPV-cap,wind-new-cap,OCGT-gen,CCGT-gen,CCGT-CCS-gen,solar-UPV-gen,wind-new-gen,total generation,total demand
ISONE,6,2005,2,168,0,0.8,0,TRUE,FALSE,TRUE,FALSE,TRUE,,,,0.01,extensive_form,146.1445313,9.741340876,5257177223,2837965285,454928723.4,0,114095125.4,-1.103092502,578000363.8,1221878990,50308737.03,0,8780000000,0,0,-3.00E-06,7,25783.63212,16,16,4,15323.22495,16024.64616,1044452.467,22934509.45,10500640.7,32071684.26,55981026.22,122532313.1,122532313.1
ISONE,6,2005,2,168,0,0.8,0,TRUE,FALSE,TRUE,TRUE,TRUE,NA,NA,NA,0.01,extensive_form,121.6835938,2.500905991,5251291596,2833741342,451954323.6,0.008125711,114665033.1,0.000709797,580137131.8,1220813955,49979810.13,0.001947445,8780000000,1.62E-07,4.04E-08,4.98E-09,8,25789.03641,15.20115728,16.25278272,4.036192429,15227.32412,16010.28939,939352.2701,23077737.69,10635466.06,35858129.48,52021627.59,122532313.1,122532313.1
ISONE,6,2005,2,168,0,0.8,0,TRUE,FALSE,TRUE,TRUE,TRUE,0,55,5186536910,0.8,RBD,128.7890625,93.63711452,18005553281,2556072656,244760487.8,0,122564547.9,13369435502,595779971.2,1089873040,27067077.51,0,8780000000,4.28E-16,1.07E-16,47948.47994,8,14208.61898,3.029502852,14.94208591,13.34511362,8735.048813,10446.50018,2166270.673,21121029.88,11581855.8,33670350.28,52660389.83,121199896.5,122532313.1
